<?xml version="1.0" ?><usuarios><usuario nombreUsuario="v" contrasena="a"></usuario><usuario nombreUsuario="asdasda" contrasena="asdasdasd"></usuario><usuario nombreUsuario="asdasd" contrasena="asdasd"></usuario><usuario nombreUsuario="a" contrasena="a"></usuario><usuario nombreUsuario="Sexo 2" contrasena="pene"></usuario><usuario nombreUsuario="Jair" contrasena="123"></usuario><usuario nombreUsuario="Grabiel" contrasena="123"></usuario><usuario nombreUsuario="Ulisex" contrasena="Ulisex69"></usuario><usuario nombreUsuario="admin" contrasena="admin"></usuario><usuario nombreUsuario="sdasdasd" contrasena="asdasda"></usuario><usuario nombreUsuario="asddscxcvbc" contrasena="asdasd"></usuario><usuario nombreUsuario="q" contrasena="asdasd"></usuario><usuario nombreUsuario="e" contrasena="asdasd"></usuario><usuario nombreUsuario="d" contrasena="a"></usuario><usuario nombreUsuario="c" contrasena="a"></usuario><usuario nombreUsuario="b" contrasena="a"></usuario><usuario nombreUsuario="i" contrasena="asdasd"></usuario><usuario nombreUsuario="f" contrasena="a"></usuario><usuario nombreUsuario="g" contrasena="a"></usuario><usuario nombreUsuario="h" contrasena="a"></usuario><usuario nombreUsuario="o" contrasena="asdasd"></usuario><usuario nombreUsuario="j" contrasena="a"></usuario><usuario nombreUsuario="k" contrasena="a"></usuario><usuario nombreUsuario="jair1" contrasena="123"></usuario><usuario nombreUsuario="josepa" contrasena="1605"></usuario><usuario nombreUsuario="l" contrasena="a"></usuario><usuario nombreUsuario="n" contrasena="a"></usuario><usuario nombreUsuario="m" contrasena="a"></usuario><usuario nombreUsuario="lico" contrasena="Mendez"></usuario><usuario nombreUsuario="p" contrasena="asdasd"></usuario><usuario nombreUsuario="r" contrasena="asdasd"></usuario><usuario nombreUsuario="quereco" contrasena="3223"></usuario><usuario nombreUsuario="s" contrasena="a"></usuario><usuario nombreUsuario="ulises" contrasena="asdasda"></usuario><usuario nombreUsuario="t" contrasena="asdasd"></usuario><usuario nombreUsuario="u" contrasena="asdasd"></usuario><usuario nombreUsuario="usuario8" contrasena="uli"></usuario><usuario nombreUsuario="w" contrasena="asdasd"></usuario><usuario nombreUsuario="y" contrasena="asdasd"></usuario><usuario nombreUsuario="x" contrasena="a"></usuario><usuario nombreUsuario="z" contrasena="a"></usuario></usuarios>