<?xml version="1.0" ?><usuarios><usuario nombreUsuario="admin" contrasena="admin"></usuario><usuario nombreUsuario="Uli" contrasena="uli"></usuario><usuario nombreUsuario="" contrasena=""></usuario><usuario nombreUsuario="UlisesMendez" contrasena="zzz"></usuario><usuario nombreUsuario="usuario8" contrasena="password8"></usuario><usuario nombreUsuario="ulisesM" contrasena="Ulis"></usuario><usuario nombreUsuario="asadasd" contrasena="sadasd"></usuario><usuario nombreUsuario="asdasd" contrasena="asdasd"></usuario><usuario nombreUsuario="asdafghvcxa" contrasena="aAXCDVS"></usuario><usuario nombreUsuario="sadsfghgjgdfsaadfghj" contrasena="dfghgfdsfggh"></usuario><usuario nombreUsuario="asdasda" contrasena="asdasd"></usuario><usuario nombreUsuario="asdaxcxzcczc z" contrasena="azxaxczxc"></usuario><usuario nombreUsuario="asdasddsxxs" contrasena="asdasd"></usuario><usuario nombreUsuario="ulisesmz" contrasena="123"></usuario><usuario nombreUsuario="wadsafasadadfdsf" contrasena="asdfgdsfsadsfd"></usuario><usuario nombreUsuario="vbnm" contrasena="vbnm"></usuario></usuarios>