<?xml version="1.0" encoding="UTF-8"?>
<project-private xmlns="http://www.netbeans.org/ns/project-private/1">
    <editor-bookmarks xmlns="http://www.netbeans.org/ns/editor-bookmarks/2" lastBookmarkId="0"/>
    <open-files xmlns="http://www.netbeans.org/ns/projectui-open-files/2">
        <group>
            <file>file:/C:/Users/ulise/Desktop/TEC/Algoritmos%20y%20estructura%20de%20datos%20I/Proyecto2/JavaFXApplication8/src/Mensaje.java</file>
            <file>file:/C:/Users/ulise/Desktop/TEC/Algoritmos%20y%20estructura%20de%20datos%20I/Proyecto2/JavaFXApplication8/src/ArduinoReceiver.java</file>
            <file>file:/C:/Users/ulise/Desktop/TEC/Algoritmos%20y%20estructura%20de%20datos%20I/Proyecto2/JavaFXApplication8/src/AppCliente.java</file>
            <file>file:/C:/Users/ulise/Desktop/TEC/Algoritmos%20y%20estructura%20de%20datos%20I/Proyecto2/JavaFXApplication8/src/Servidor.java</file>
            <file>file:/C:/Users/ulise/Desktop/TEC/Algoritmos%20y%20estructura%20de%20datos%20I/Proyecto2/JavaFXApplication8/src/BinarySearchTreeUsr.java</file>
            <file>file:/C:/Users/ulise/Desktop/TEC/Algoritmos%20y%20estructura%20de%20datos%20I/Proyecto2/JavaFXApplication8/src/MasterApp.java</file>
            <file>file:/C:/Users/ulise/Desktop/TEC/Algoritmos%20y%20estructura%20de%20datos%20I/Proyecto2/JavaFXApplication8/src/LoginAdm.java</file>
            <file>file:/C:/Users/ulise/Desktop/TEC/Algoritmos%20y%20estructura%20de%20datos%20I/Proyecto2/JavaFXApplication8/src/LoginRegister.java</file>
        </group>
    </open-files>
</project-private>
